"Designator","Description","LibReference","Footprint","FootprintDescription","Sheet","SourceUniqueId","ItemGUID","ItemRevisionGUID","Layer"
"C1","CAP, CERM, 330 pF, 50 V, +/- 5%, C0G/NP0, 0603","CMP-0006920-4","0603","","3.ADC","AWJHYAJL","","","TOP"
"C2","CAP, CERM, 330 pF, 50 V, +/- 5%, C0G/NP0, 0603","CMP-0006920-4","0603","","3.ADC","TXDIJIYE","","","BOTTOM"
"C3","CAP, CERM, 330 pF, 50 V, +/- 5%, C0G/NP0, 0603","CMP-0006920-4","0603","","3.ADC","HKWMRIXQ","","","BOTTOM"
"C4","CAP, CERM, 330 pF, 50 V, +/- 5%, C0G/NP0, 0603","CMP-0006920-4","0603","","3.ADC","JFPNSAJD","","","TOP"
"C5","CAP, CERM, 330 pF, 50 V, +/- 5%, C0G/NP0, 0603","CMP-0006920-4","0603","","3.ADC","ECPFRCZO","","","TOP"
"C6","CAP, CERM, 330 pF, 50 V, +/- 5%, C0G/NP0, 0603","CMP-0006920-4","0603","","3.ADC","MWYCYZMQ","","","BOTTOM"
"C7","CAP, CERM, 330 pF, 50 V, +/- 5%, C0G/NP0, 0603","CMP-0006920-4","0603","","3.ADC","VCIQUTHN","","","TOP"
"C8","CAP, CERM, 330 pF, 50 V, +/- 5%, C0G/NP0, 0603","CMP-0006920-4","0603","","3.ADC","HRLLQPZT","","","TOP"
"C9","CAP, CERM, 330 pF, 50 V, +/- 5%, C0G/NP0, 0603","CMP-0006920-4","0603","","3.ADC","OQKWZEXJ","","","BOTTOM"
"C10","CAP, CERM, 330 pF, 50 V, +/- 5%, C0G/NP0, 0603","CMP-0006920-4","0603","","3.ADC","JMFPIJWR","","","BOTTOM"
"C11","CAP, CERM, 330 pF, 50 V, +/- 5%, C0G/NP0, 0603","CMP-0006920-4","0603","","3.ADC","GDXYJXQL","","","BOTTOM"
"C12","CAP, CERM, 330 pF, 50 V, +/- 5%, C0G/NP0, 0603","CMP-0006920-4","0603","","3.ADC","MTYDOYQI","","","TOP"
"C13","CAP, CERM, 330 pF, 50 V, +/- 5%, C0G/NP0, 0603","CMP-0006920-4","0603","","3.ADC","OAVBKMGT","","","TOP"
"C14","CAP, CERM, 330 pF, 50 V, +/- 5%, C0G/NP0, 0603","CMP-0006920-4","0603","","3.ADC","AOMXYSMT","","","BOTTOM"
"C15","CAP, CERM, 330 pF, 50 V, +/- 5%, C0G/NP0, 0603","CMP-0006920-4","0603","","3.ADC","SEFYALOH","","","BOTTOM"
"C16","CAP, CERM, 330 pF, 50 V, +/- 5%, C0G/NP0, 0603","CMP-0006920-4","0603","","3.ADC","FZVBVGXI","","","TOP"
"C17","CAP, CERM, 330 pF, 50 V, +/- 5%, C0G/NP0, 0603","CMP-0006920-4","0603","","3.ADC","JZZBJIQF","","","TOP"
"C18","CAP, CERM, 330 pF, 50 V, +/- 5%, C0G/NP0, 0603","CMP-0006920-4","0603","","3.ADC","NTVXCCIN","","","BOTTOM"
"C19","CAP, CERM, 330 pF, 50 V, +/- 5%, C0G/NP0, 0603","CMP-0006920-4","0603","","3.ADC","UKZBPNCC","","","TOP"
"C20","CAP, CERM, 330 pF, 50 V, +/- 5%, C0G/NP0, 0603","CMP-0006920-4","0603","","3.ADC","YFGNLOFM","","","TOP"
"C21","CAP, CERM, 330 pF, 50 V, +/- 5%, C0G/NP0, 0603","CMP-0006920-4","0603","","3.ADC","SMMQPHMW","","","BOTTOM"
"C22","CAP, CERM, 330 pF, 50 V, +/- 5%, C0G/NP0, 0603","CMP-0006920-4","0603","","3.ADC","LGNFAMHZ","","","BOTTOM"
"C23","CAP, CERM, 330 pF, 50 V, +/- 5%, C0G/NP0, 0603","CMP-0006920-4","0603","","3.ADC","SSTNTUGD","","","BOTTOM"
"C24","CAP, CERM, 330 pF, 50 V, +/- 5%, C0G/NP0, 0603","CMP-0006920-4","0603","","3.ADC","BHHVPHXW","","","TOP"
"C25","CAP, CERM, 0.1 uF, 10 V, +/- 10%, X7R, 0603","CMP-0006862-5","0603","","3.ADC","XOINFUUL","","","TOP"
"C26","CAP, CERM, 22 uF, 10 V, +/- 20%, X5R, 0603","CMP-0007324-5","0603","","3.ADC","FVELOBWC","","","TOP"
"C27","CAP, CERM, 22 uF, 10 V, +/- 20%, X5R, 0603","CMP-0007324-5","0603","","3.ADC","WWPIGNMA","","","TOP"
"C28","CAP, CERM, 22 uF, 10 V, +/- 20%, X5R, 0603","CMP-0007324-5","0603","","3.ADC","XHFBTPJH","","","TOP"
"C29","CAP, CERM, 22 uF, 10 V, +/- 20%, X5R, 0603","CMP-0007324-5","0603","","3.ADC","CBKKHTMI","","","BOTTOM"
"C30","CAP, CERM, 0.1 uF, 10 V, +/- 10%, X7R, 0603","CMP-0006862-5","0603","","3.ADC","ZGAIODEH","","","BOTTOM"
"C31","CAP, CERM, 2.2 uF, 6.3 V, +/- 10%, X5R, 0603","CMP-0006907-5","0603","","3.ADC","LDVVIFOE","","","BOTTOM"
"C32","CAP, CERM, 1 uF, 6.3 V, +80/-20%, Y5V, 0603","CMP-0006871-4","0603","","3.ADC","WFJMVTJQ","","","TOP"
"C33","CAP, CERM, 1 uF, 6.3 V, +80/-20%, Y5V, 0603","CMP-0006871-4","0603","","3.ADC","TOIYFFEB","","","TOP"
"C34","CAP, CERM, 1 uF, 6.3 V, +80/-20%, Y5V, 0603","CMP-0006871-4","0603","","3.ADC","RBKWGFFZ","","","TOP"
"C35","CAP, CERM, 22 uF, 10 V, +/- 20%, X5R, 0603","CMP-0007324-5","0603","","4.Power","VZGJROJK","","","TOP"
"C36","CAP, CERM, 33 pF, 25 V, +/- 5%, C0G/NP0, 0402","CMP-0006213-2","0402","","4.Power","VABSPAMN","","","TOP"
"C37","CAP, CERM, 22 uF, 10 V, +/- 20%, X5R, 0603","CMP-0007324-5","0603","","4.Power","CKAFREJQ","","","TOP"
"C38","Chip Capacitor, 0.1 uF, +/- 5%, 16 V, 0402 (1005 Metric)","CMP-001-00001-6","CAPC1005X56X25LL10T15","Chip Capacitor, 2-Leads, Body 1.10x0.60mm, IPC High Density","4.Power","TQSLVFDQ","A0172775-ABE7-4C5C-9042-8FF38A8061E5","1F7CB819-4B2F-4DD9-A856-12543AC7F829","TOP"
"C39","Chip Capacitor, 22??F +/-40%, 16V, 0805, Thickness 1.45 mm","CMP-001-00081-4","CAPC0805(2012)145_L","Chip Capacitor, Body 2.0x1.2mm, Height 1.45mm, IPC High Density","4.Power","HSUWZRKC","9C1E7CA9-BBF6-4874-89A4-825447AD49CC","1B732AC5-BE16-4EF9-ACAE-BD6F38A05304","TOP"
"C40","Chip Capacitor, 0.1 uF, +/- 5%, 16 V, 0402 (1005 Metric)","CMP-001-00001-6","CAPC1005X56X25LL10T15","Chip Capacitor, 2-Leads, Body 1.10x0.60mm, IPC High Density","4.Power","OSBLLLNH","A0172775-ABE7-4C5C-9042-8FF38A8061E5","1F7CB819-4B2F-4DD9-A856-12543AC7F829","TOP"
"C41","Chip Capacitor, 0.1 uF, +/- 5%, 16 V, 0402 (1005 Metric)","CMP-001-00001-6","CAPC1005X56X25LL10T15","Chip Capacitor, 2-Leads, Body 1.10x0.60mm, IPC High Density","4.Power","NELMJYXV","A0172775-ABE7-4C5C-9042-8FF38A8061E5","1F7CB819-4B2F-4DD9-A856-12543AC7F829","TOP"
"C42","CAP, CERM, 2.2 uF, 10 V, +/- 10%, X5R, 0603","CMP-0006906-5","0603","","4.Power","EMEBCXUW","","","TOP"
"C43","CAP, CERM, 2.2 uF, 10 V, +/- 10%, X5R, 0603","CMP-0006906-5","0603","","4.Power","FQHRVLRH","","","TOP"
"C44","Chip Capacitor, 0.1 uF, +/- 5%, 16 V, 0402 (1005 Metric)","CMP-001-00001-6","CAPC1005X56X25LL10T15","Chip Capacitor, 2-Leads, Body 1.10x0.60mm, IPC High Density","4.Power","VGCBHBHW","A0172775-ABE7-4C5C-9042-8FF38A8061E5","1F7CB819-4B2F-4DD9-A856-12543AC7F829","BOTTOM"
"C45","Chip Capacitor, 0.1 uF, +/- 5%, 16 V, 0402 (1005 Metric)","CMP-001-00001-6","CAPC1005X56X25LL10T15","Chip Capacitor, 2-Leads, Body 1.10x0.60mm, IPC High Density","4.Power","SPWAJTVU","A0172775-ABE7-4C5C-9042-8FF38A8061E5","1F7CB819-4B2F-4DD9-A856-12543AC7F829","BOTTOM"
"C46","Chip Capacitor, 0.1 uF, +/- 5%, 16 V, 0402 (1005 Metric)","CMP-001-00001-6","CAPC1005X56X25LL10T15","Chip Capacitor, 2-Leads, Body 1.10x0.60mm, IPC High Density","4.Power","CWDCDUAE","A0172775-ABE7-4C5C-9042-8FF38A8061E5","1F7CB819-4B2F-4DD9-A856-12543AC7F829","BOTTOM"
"C47","Chip Capacitor, 0.1 uF, +/- 5%, 16 V, 0402 (1005 Metric)","CMP-001-00001-6","CAPC1005X56X25LL10T15","Chip Capacitor, 2-Leads, Body 1.10x0.60mm, IPC High Density","4.Power","NARIOUNQ","A0172775-ABE7-4C5C-9042-8FF38A8061E5","1F7CB819-4B2F-4DD9-A856-12543AC7F829","BOTTOM"
"C48","Chip Capacitor, 0.1 uF, +/- 5%, 16 V, 0402 (1005 Metric)","CMP-001-00001-6","CAPC1005X56X25LL10T15","Chip Capacitor, 2-Leads, Body 1.10x0.60mm, IPC High Density","4.Power","RBUCKDUS","A0172775-ABE7-4C5C-9042-8FF38A8061E5","1F7CB819-4B2F-4DD9-A856-12543AC7F829","BOTTOM"
"C49","Chip Capacitor, 0.1 uF, +/- 5%, 16 V, 0402 (1005 Metric)","CMP-001-00001-6","CAPC1005X56X25LL10T15","Chip Capacitor, 2-Leads, Body 1.10x0.60mm, IPC High Density","4.Power","PRQSMDOJ","A0172775-ABE7-4C5C-9042-8FF38A8061E5","1F7CB819-4B2F-4DD9-A856-12543AC7F829","BOTTOM"
"C50","Chip Capacitor, 0.1 uF, +/- 5%, 16 V, 0402 (1005 Metric)","CMP-001-00001-6","CAPC1005X56X25LL10T15","Chip Capacitor, 2-Leads, Body 1.10x0.60mm, IPC High Density","4.Power","XDTFPNVG","A0172775-ABE7-4C5C-9042-8FF38A8061E5","1F7CB819-4B2F-4DD9-A856-12543AC7F829","BOTTOM"
"C51","Chip Capacitor, 0.1 uF, +/- 5%, 16 V, 0402 (1005 Metric)","CMP-001-00001-6","CAPC1005X56X25LL10T15","Chip Capacitor, 2-Leads, Body 1.10x0.60mm, IPC High Density","4.Power","RNFHHYTR","A0172775-ABE7-4C5C-9042-8FF38A8061E5","1F7CB819-4B2F-4DD9-A856-12543AC7F829","BOTTOM"
"C52","Chip Capacitor, 0.1 uF, +/- 5%, 16 V, 0402 (1005 Metric)","CMP-001-00001-6","CAPC1005X56X25LL10T15","Chip Capacitor, 2-Leads, Body 1.10x0.60mm, IPC High Density","4.Power","BJHPCNQK","A0172775-ABE7-4C5C-9042-8FF38A8061E5","1F7CB819-4B2F-4DD9-A856-12543AC7F829","BOTTOM"
"C53","CAP, CERM, 2.2 uF, 10 V, +/- 10%, X5R, 0603","CMP-0006906-5","0603","","4.Power","VDUSHGPE","","","TOP"
"C54","CAP, CERM, 2.2 uF, 10 V, +/- 10%, X5R, 0603","CMP-0006906-5","0603","","4.Power","GTIDEGEJ","","","TOP"
"C55","Chip Capacitor, 0.1 uF, +/- 5%, 16 V, 0402 (1005 Metric)","CMP-001-00001-6","CAPC1005X56X25LL10T15","Chip Capacitor, 2-Leads, Body 1.10x0.60mm, IPC High Density","4.Power","XPQHKEUT","A0172775-ABE7-4C5C-9042-8FF38A8061E5","1F7CB819-4B2F-4DD9-A856-12543AC7F829","BOTTOM"
"C56","Chip Capacitor, 0.1 uF, +/- 5%, 16 V, 0402 (1005 Metric)","CMP-001-00001-6","CAPC1005X56X25LL10T15","Chip Capacitor, 2-Leads, Body 1.10x0.60mm, IPC High Density","4.Power","KEOVTGMO","A0172775-ABE7-4C5C-9042-8FF38A8061E5","1F7CB819-4B2F-4DD9-A856-12543AC7F829","BOTTOM"
"C57","Chip Capacitor, 0.1 uF, +/- 5%, 16 V, 0402 (1005 Metric)","CMP-001-00001-6","CAPC1005X56X25LL10T15","Chip Capacitor, 2-Leads, Body 1.10x0.60mm, IPC High Density","4.Power","MUKPPDGN","A0172775-ABE7-4C5C-9042-8FF38A8061E5","1F7CB819-4B2F-4DD9-A856-12543AC7F829","BOTTOM"
"C58","Chip Capacitor, 0.1 uF, +/- 5%, 16 V, 0402 (1005 Metric)","CMP-001-00001-6","CAPC1005X56X25LL10T15","Chip Capacitor, 2-Leads, Body 1.10x0.60mm, IPC High Density","4.Power","EFWVCBTQ","A0172775-ABE7-4C5C-9042-8FF38A8061E5","1F7CB819-4B2F-4DD9-A856-12543AC7F829","TOP"
"C59","Chip Capacitor, 0.1 uF, +/- 5%, 16 V, 0402 (1005 Metric)","CMP-001-00001-6","CAPC1005X56X25LL10T15","Chip Capacitor, 2-Leads, Body 1.10x0.60mm, IPC High Density","4.Power","PJJADRSM","A0172775-ABE7-4C5C-9042-8FF38A8061E5","1F7CB819-4B2F-4DD9-A856-12543AC7F829","BOTTOM"
"C60","Chip Capacitor, 0.1 uF, +/- 5%, 16 V, 0402 (1005 Metric)","CMP-001-00001-6","CAPC1005X56X25LL10T15","Chip Capacitor, 2-Leads, Body 1.10x0.60mm, IPC High Density","4.Power","YWWVYWZW","A0172775-ABE7-4C5C-9042-8FF38A8061E5","1F7CB819-4B2F-4DD9-A856-12543AC7F829","BOTTOM"
"C61","Chip Capacitor, 0.1 uF, +/- 5%, 16 V, 0402 (1005 Metric)","CMP-001-00001-6","CAPC1005X56X25LL10T15","Chip Capacitor, 2-Leads, Body 1.10x0.60mm, IPC High Density","4.Power","EEUMZWOB","A0172775-ABE7-4C5C-9042-8FF38A8061E5","1F7CB819-4B2F-4DD9-A856-12543AC7F829","TOP"
"C62","Chip Capacitor, 0.1 uF, +/- 5%, 16 V, 0402 (1005 Metric)","CMP-001-00001-6","CAPC1005X56X25LL10T15","Chip Capacitor, 2-Leads, Body 1.10x0.60mm, IPC High Density","4.Power","TRALJEUD","A0172775-ABE7-4C5C-9042-8FF38A8061E5","1F7CB819-4B2F-4DD9-A856-12543AC7F829","TOP"
"C63","Chip Capacitor, 0.1 uF, +/- 5%, 16 V, 0402 (1005 Metric)","CMP-001-00001-6","CAPC1005X56X25LL10T15","Chip Capacitor, 2-Leads, Body 1.10x0.60mm, IPC High Density","4.Power","OCLMBUUN","A0172775-ABE7-4C5C-9042-8FF38A8061E5","1F7CB819-4B2F-4DD9-A856-12543AC7F829","BOTTOM"
"C64","Chip Capacitor, 0.1 uF, +/- 5%, 16 V, 0402 (1005 Metric)","CMP-001-00001-6","CAPC1005X56X25LL10T15","Chip Capacitor, 2-Leads, Body 1.10x0.60mm, IPC High Density","4.Power","PFTZFEJH","A0172775-ABE7-4C5C-9042-8FF38A8061E5","1F7CB819-4B2F-4DD9-A856-12543AC7F829","BOTTOM"
"C65","Chip Capacitor, 0.1 uF, +/- 5%, 16 V, 0402 (1005 Metric)","CMP-001-00001-6","CAPC1005X56X25LL10T15","Chip Capacitor, 2-Leads, Body 1.10x0.60mm, IPC High Density","4.Power","RGEXHMPH","A0172775-ABE7-4C5C-9042-8FF38A8061E5","1F7CB819-4B2F-4DD9-A856-12543AC7F829","TOP"
"C66","Chip Capacitor, 0.1 uF, +/- 5%, 16 V, 0402 (1005 Metric)","CMP-001-00001-6","CAPC1005X56X25LL10T15","Chip Capacitor, 2-Leads, Body 1.10x0.60mm, IPC High Density","4.Power","SYXRRSKS","A0172775-ABE7-4C5C-9042-8FF38A8061E5","1F7CB819-4B2F-4DD9-A856-12543AC7F829","TOP"
"C67","Chip Capacitor, 0.1 uF, +/- 5%, 16 V, 0402 (1005 Metric)","CMP-001-00001-6","CAPC1005X56X25LL10T15","Chip Capacitor, 2-Leads, Body 1.10x0.60mm, IPC High Density","4.Power","DDTCVJFV","A0172775-ABE7-4C5C-9042-8FF38A8061E5","1F7CB819-4B2F-4DD9-A856-12543AC7F829","BOTTOM"
"C68","Chip Capacitor, 0.1 uF, +/- 5%, 16 V, 0402 (1005 Metric)","CMP-001-00001-6","CAPC1005X56X25LL10T15","Chip Capacitor, 2-Leads, Body 1.10x0.60mm, IPC High Density","4.Power","RURMMOPZ","A0172775-ABE7-4C5C-9042-8FF38A8061E5","1F7CB819-4B2F-4DD9-A856-12543AC7F829","BOTTOM"
"C69","Chip Capacitor, 0.1 uF, +/- 5%, 16 V, 0402 (1005 Metric)","CMP-001-00001-6","CAPC1005X56X25LL10T15","Chip Capacitor, 2-Leads, Body 1.10x0.60mm, IPC High Density","4.Power","KEPRTETX","A0172775-ABE7-4C5C-9042-8FF38A8061E5","1F7CB819-4B2F-4DD9-A856-12543AC7F829","BOTTOM"
"C70","Chip Capacitor, 0.1 uF, +/- 5%, 16 V, 0402 (1005 Metric)","CMP-001-00001-6","CAPC1005X56X25LL10T15","Chip Capacitor, 2-Leads, Body 1.10x0.60mm, IPC High Density","4.Power","DFMBUTBP","A0172775-ABE7-4C5C-9042-8FF38A8061E5","1F7CB819-4B2F-4DD9-A856-12543AC7F829","TOP"
"C71","Chip Capacitor, 10??F +/-20%, 10V, 0603, Thickness 1 mm","CMP-001-00075-4","CAPC0603(1608)100_L","Chip Capacitor, Body 1.6x0.8mm, Height 1.0mm, IPC High Density","4.Power","BYGPHLXL","2591F4BA-9F55-4446-B3EC-36DB1479698A","4D6BBE15-C8E2-492D-81F4-C782B7C248A3","TOP"
"C72","Chip Capacitor, 10??F +/-20%, 10V, 0603, Thickness 1 mm","CMP-001-00075-4","CAPC0603(1608)100_L","Chip Capacitor, Body 1.6x0.8mm, Height 1.0mm, IPC High Density","4.Power","BMZEWXAF","2591F4BA-9F55-4446-B3EC-36DB1479698A","4D6BBE15-C8E2-492D-81F4-C782B7C248A3","TOP"
"C73","CAP, CERM, 0.1 uF, 10 V, +/- 10%, X7R, 0402","CMP-0006343-2","0402","","2.Support","THWPTGON","","","TOP"
"C74","CAP, CERM, 0.01 uF, 50 V, +/- 5%, X7R, 0402","CMP-0006236-2","0402","","2.Support","OIAPROHI","","","TOP"
"C75","CAP, CERM, 0.1 uF, 10 V, +/- 10%, X7R, 0402","CMP-0006343-2","0402","","2.Support","ENXONJPM","","","TOP"
"C76","CAP, CERM, 0.01 uF, 50 V, +/- 5%, X7R, 0402","CMP-0006236-2","0402","","2.Support","FJBQXOWN","","","TOP"
"C77","CAP, CERM, 0.1 uF, 10 V, +/- 10%, X7R, 0402","CMP-0006343-2","0402","","2.Support","EVOWTHOA","","","TOP"
"C78","CAP, CERM, 0.1 uF, 10 V, +/- 10%, X7R, 0402","CMP-0006343-2","0402","","2.Support","LBQSYPSB","","","BOTTOM"
"C163","Chip Capacitor, 1 uF, +/- 10%, 50 V, 0805 (2012 Metric)","CMP-001-00007-7","CAPC2013X135X45NL10T25","Chip Capacitor, 2-Leads, Body 2.10x1.35mm, IPC Medium Density","1.GPIO","LSFFTYPM","304EA0B8-F839-41C9-9F75-833C2EECB6CE","837A2A14-CA9E-45BA-81C8-8414F7DB19E8","BOTTOM"
"C164","Chip Capacitor, 1 uF, +/- 10%, 50 V, 0805 (2012 Metric)","CMP-001-00007-7","CAPC2013X135X45NL10T25","Chip Capacitor, 2-Leads, Body 2.10x1.35mm, IPC Medium Density","1.GPIO","JHWSEEJR","304EA0B8-F839-41C9-9F75-833C2EECB6CE","837A2A14-CA9E-45BA-81C8-8414F7DB19E8","BOTTOM"
"C165","Chip Capacitor, 1 uF, +/- 10%, 50 V, 0805 (2012 Metric)","CMP-001-00007-7","CAPC2013X135X45NL10T25","Chip Capacitor, 2-Leads, Body 2.10x1.35mm, IPC Medium Density","8.Emulator_Interface","BVSWFPCC","304EA0B8-F839-41C9-9F75-833C2EECB6CE","837A2A14-CA9E-45BA-81C8-8414F7DB19E8","BOTTOM"
"C166","Chip Capacitor, 100 nF, +/- 10%, 50 V, 0603 (1608 Metric)","CMP-001-00017-6","CAPC1608X90X40NL10T20","Chip Capacitor, 2-Leads, Body 1.70x0.90mm, IPC Medium Density","9.Pwm_Buffer","RVFDCEWZ","85718E7E-A7BA-41FF-9B71-CC81DC10C908","EAD50EBC-46BB-4EC3-BEC1-8528D867B411","BOTTOM"
"C167","Chip Capacitor, 100 nF, +/- 10%, 50 V, 0603 (1608 Metric)","CMP-001-00017-6","CAPC1608X90X40NL10T20","Chip Capacitor, 2-Leads, Body 1.70x0.90mm, IPC Medium Density","9.Pwm_Buffer","IIRKVYUH","85718E7E-A7BA-41FF-9B71-CC81DC10C908","EAD50EBC-46BB-4EC3-BEC1-8528D867B411","BOTTOM"
"C168","Chip Capacitor, 100 nF, +/- 10%, 50 V, 0603 (1608 Metric)","CMP-001-00017-6","CAPC1608X90X40NL10T20","Chip Capacitor, 2-Leads, Body 1.70x0.90mm, IPC Medium Density","9.Pwm_Buffer","OJGYCXXW","85718E7E-A7BA-41FF-9B71-CC81DC10C908","EAD50EBC-46BB-4EC3-BEC1-8528D867B411","BOTTOM"
"C169","Chip Capacitor, 100 nF, +/- 10%, 50 V, 0603 (1608 Metric)","CMP-001-00017-6","CAPC1608X90X40NL10T20","Chip Capacitor, 2-Leads, Body 1.70x0.90mm, IPC Medium Density","9.Pwm_Buffer","IAVZQPSD","85718E7E-A7BA-41FF-9B71-CC81DC10C908","EAD50EBC-46BB-4EC3-BEC1-8528D867B411","BOTTOM"
"C170","Chip Capacitor, 100 nF, +/- 10%, 50 V, 0603 (1608 Metric)","CMP-001-00017-6","CAPC1608X90X40NL10T20","Chip Capacitor, 2-Leads, Body 1.70x0.90mm, IPC Medium Density","9.Pwm_Buffer","RJOVWEEI","85718E7E-A7BA-41FF-9B71-CC81DC10C908","EAD50EBC-46BB-4EC3-BEC1-8528D867B411","BOTTOM"
"C171","Chip Capacitor, 100 nF, +/- 10%, 50 V, 0603 (1608 Metric)","CMP-001-00017-6","CAPC1608X90X40NL10T20","Chip Capacitor, 2-Leads, Body 1.70x0.90mm, IPC Medium Density","9.Pwm_Buffer","HKLUIFMN","85718E7E-A7BA-41FF-9B71-CC81DC10C908","EAD50EBC-46BB-4EC3-BEC1-8528D867B411","BOTTOM"
"C172","Chip Capacitor, 100 nF, +/- 10%, 50 V, 0603 (1608 Metric)","CMP-001-00017-6","CAPC1608X90X40NL10T20","Chip Capacitor, 2-Leads, Body 1.70x0.90mm, IPC Medium Density","9.Pwm_Buffer","AQNJCPCB","85718E7E-A7BA-41FF-9B71-CC81DC10C908","EAD50EBC-46BB-4EC3-BEC1-8528D867B411","BOTTOM"
"C173","Chip Capacitor, 100 nF, +/- 10%, 50 V, 0603 (1608 Metric)","CMP-001-00017-6","CAPC1608X90X40NL10T20","Chip Capacitor, 2-Leads, Body 1.70x0.90mm, IPC Medium Density","9.Pwm_Buffer","EBUUZCSX","85718E7E-A7BA-41FF-9B71-CC81DC10C908","EAD50EBC-46BB-4EC3-BEC1-8528D867B411","BOTTOM"
"C174","Chip Capacitor, 100 nF, +/- 10%, 50 V, 0603 (1608 Metric)","CMP-001-00017-6","CAPC1608X90X40NL10T20","Chip Capacitor, 2-Leads, Body 1.70x0.90mm, IPC Medium Density","9.Pwm_Buffer","QSWRLSNQ","85718E7E-A7BA-41FF-9B71-CC81DC10C908","EAD50EBC-46BB-4EC3-BEC1-8528D867B411","BOTTOM"
"C175","Chip Capacitor, 100 nF, +/- 10%, 50 V, 0603 (1608 Metric)","CMP-001-00017-6","CAPC1608X90X40NL10T20","Chip Capacitor, 2-Leads, Body 1.70x0.90mm, IPC Medium Density","9.Pwm_Buffer","HCPFSYYT","85718E7E-A7BA-41FF-9B71-CC81DC10C908","EAD50EBC-46BB-4EC3-BEC1-8528D867B411","BOTTOM"
"C176","Chip Capacitor, 100 nF, +/- 10%, 50 V, 0603 (1608 Metric)","CMP-001-00017-6","CAPC1608X90X40NL10T20","Chip Capacitor, 2-Leads, Body 1.70x0.90mm, IPC Medium Density","9.Pwm_Buffer","FHUOUTGP","85718E7E-A7BA-41FF-9B71-CC81DC10C908","EAD50EBC-46BB-4EC3-BEC1-8528D867B411","BOTTOM"
"C177","Chip Capacitor, 100 nF, +/- 10%, 50 V, 0603 (1608 Metric)","CMP-001-00017-6","CAPC1608X90X40NL10T20","Chip Capacitor, 2-Leads, Body 1.70x0.90mm, IPC Medium Density","9.Pwm_Buffer","GSSSIXGU","85718E7E-A7BA-41FF-9B71-CC81DC10C908","EAD50EBC-46BB-4EC3-BEC1-8528D867B411","BOTTOM"
"C178","Chip Capacitor, 100 nF, +/- 10%, 50 V, 0603 (1608 Metric)","CMP-001-00017-6","CAPC1608X90X40NL10T20","Chip Capacitor, 2-Leads, Body 1.70x0.90mm, IPC Medium Density","9.Pwm_Buffer","IRWIJYHX","85718E7E-A7BA-41FF-9B71-CC81DC10C908","EAD50EBC-46BB-4EC3-BEC1-8528D867B411","BOTTOM"
"C179","Chip Capacitor, 100 nF, +/- 10%, 50 V, 0603 (1608 Metric)","CMP-001-00017-6","CAPC1608X90X40NL10T20","Chip Capacitor, 2-Leads, Body 1.70x0.90mm, IPC Medium Density","9.Pwm_Buffer","WQJQPKVX","85718E7E-A7BA-41FF-9B71-CC81DC10C908","EAD50EBC-46BB-4EC3-BEC1-8528D867B411","BOTTOM"
"C180","Chip Capacitor, 100 nF, +/- 10%, 50 V, 0603 (1608 Metric)","CMP-001-00017-6","CAPC1608X90X40NL10T20","Chip Capacitor, 2-Leads, Body 1.70x0.90mm, IPC Medium Density","9.Pwm_Buffer","DQEUUMXE","85718E7E-A7BA-41FF-9B71-CC81DC10C908","EAD50EBC-46BB-4EC3-BEC1-8528D867B411","BOTTOM"
"C181","Chip Capacitor, 100 nF, +/- 10%, 50 V, 0603 (1608 Metric)","CMP-001-00017-6","CAPC1608X90X40NL10T20","Chip Capacitor, 2-Leads, Body 1.70x0.90mm, IPC Medium Density","9.Pwm_Buffer","FSYXZDEX","85718E7E-A7BA-41FF-9B71-CC81DC10C908","EAD50EBC-46BB-4EC3-BEC1-8528D867B411","BOTTOM"
"C182","Chip Capacitor, 100 nF, +/- 10%, 50 V, 0603 (1608 Metric)","CMP-001-00017-6","CAPC1608X90X40NL10T20","Chip Capacitor, 2-Leads, Body 1.70x0.90mm, IPC Medium Density","9.Pwm_Buffer","EMLLCRCX","85718E7E-A7BA-41FF-9B71-CC81DC10C908","EAD50EBC-46BB-4EC3-BEC1-8528D867B411","BOTTOM"
"C183","Chip Capacitor, 100 nF, +/- 10%, 50 V, 0603 (1608 Metric)","CMP-001-00017-6","CAPC1608X90X40NL10T20","Chip Capacitor, 2-Leads, Body 1.70x0.90mm, IPC Medium Density","9.Pwm_Buffer","PKDJUARU","85718E7E-A7BA-41FF-9B71-CC81DC10C908","EAD50EBC-46BB-4EC3-BEC1-8528D867B411","BOTTOM"
"C184","Chip Capacitor, 100 nF, +/- 10%, 50 V, 0603 (1608 Metric)","CMP-001-00017-6","CAPC1608X90X40NL10T20","Chip Capacitor, 2-Leads, Body 1.70x0.90mm, IPC Medium Density","9.Pwm_Buffer","BYSYUEIU","85718E7E-A7BA-41FF-9B71-CC81DC10C908","EAD50EBC-46BB-4EC3-BEC1-8528D867B411","BOTTOM"
"C185","Chip Capacitor, 100 nF, +/- 10%, 50 V, 0603 (1608 Metric)","CMP-001-00017-6","CAPC1608X90X40NL10T20","Chip Capacitor, 2-Leads, Body 1.70x0.90mm, IPC Medium Density","9.Pwm_Buffer","GICTDTTN","85718E7E-A7BA-41FF-9B71-CC81DC10C908","EAD50EBC-46BB-4EC3-BEC1-8528D867B411","BOTTOM"
"D1","Diode, Schottky, 10 V, 1 A, AEC-Q101, POWERMITE","CMP-004-00076-1","POWERMITE","","4.Power","DRKVZWCR","88A70EC7-D21E-4C25-9BD7-71500C194B23","632AC858-FF25-4221-8185-4EE2B036B101","TOP"
"D2","SURFACE MOUNT SILICON LOW VF SCHOTTKY DIODE 0.5 AMP","CMP-004-00069-1","CFSH0520LTRPBFREE","","4.Power","ZICEBFRC","A5AA3902-E615-403F-9DD8-DC4DBB10B7F2","63BE64CE-8635-4682-A32B-BE56D9AB992B","TOP"
"D3","LED, Red, SMD","CMP-0002951-3","WL-SMCW_RED_0805","","2.Support","DFGOLYUN","","","TOP"
"D4","LED, Red, SMD","CMP-0002951-3","WL-SMCW_RED_0805","","2.Support","RTNFCNBP","","","TOP"
"J1","Socket(male) 100 Positions, Dual Row, Vertical Receptacle. BergStak Lite 0.80mm, Board-to-Board Connector,","CMP-002-00178-1","AMPHENOL_10144517-101802LF","Plug(male)","1.GPIO","ZYZTJNGP","65936400-27DD-4ACE-87A4-D361D53E576D","6083AF1F-298F-40DD-B4BE-B4C35DE0D6AC","BOTTOM"
"J2","Socket(male) 100 Positions, Dual Row, Vertical Receptacle. BergStak Lite 0.80mm, Board-to-Board Connector,","CMP-002-00178-1","AMPHENOL_10144517-101802LF","Plug(male)","1.GPIO","HJERLDQZ","65936400-27DD-4ACE-87A4-D361D53E576D","6083AF1F-298F-40DD-B4BE-B4C35DE0D6AC","BOTTOM"
"J9","10 Positions Header Connector 0.100"" (2.54mm) Through Hole Gold","CMP-002-00158-1","SHDR10W66P254_2X5_2030X905X905P","","1.GPIO","QDKFEFKI","C4D4DE5E-AA00-4955-8926-9CCD20DD1C39","DCE47D8A-4B46-411E-891A-6310FDA8F777","TOP"
"J10","10 Positions Header Connector 0.100"" (2.54mm) Through Hole Gold","CMP-002-00158-1","SHDR10W66P254_2X5_2030X905X905P","","1.GPIO","PULYZNAN","C4D4DE5E-AA00-4955-8926-9CCD20DD1C39","DCE47D8A-4B46-411E-891A-6310FDA8F777","TOP"
"J11","Connector Header Through Hole 14 position 0.100 (2.54mm)","CMP-002-00182-1","SULLINS_SBH11-PBPC-D07-ST-BK","","8.Emulator_Interface","IMELCPAB","39804E80-DC27-4E86-93E2-F851ED3B8D7B","BFDC700B-199C-4F6E-96A6-D92A4B37C3DE","TOP"
"J12","Socket(male) 100 Positions, Dual Row, Vertical Receptacle. BergStak Lite 0.80mm, Board-to-Board Connector,","CMP-002-00178-1","AMPHENOL_10144517-101802LF","Plug(male)","5.ETH","XKFYYXFF","65936400-27DD-4ACE-87A4-D361D53E576D","6083AF1F-298F-40DD-B4BE-B4C35DE0D6AC","BOTTOM"
"L1","Chip Inductor, 2.2 uH, +/- 20%, -55 to 125 degC, 1008 (2520 Metric), RoHS, Tape and Reel","CMP-006-00009-6","INDC2520X100X60NL20T20","Chip Inductor, 2-Leads, Body 2.7x2.2mm, IPC Medium Density","4.Power","NCTEZOCO","50159F89-051D-4E48-95FD-CEE944D8D57F","7C5FAF59-0AF9-4790-8B67-BF4BD319A4E1","TOP"
"L2","Chip Inductor, 2.2 uH, +/- 20%, -55 to 125 degC, 1008 (2520 Metric), RoHS, Tape and Reel","CMP-006-00009-6","INDC2520X100X60NL20T20","Chip Inductor, 2-Leads, Body 2.7x2.2mm, IPC Medium Density","4.Power","FDSVYKXS","50159F89-051D-4E48-95FD-CEE944D8D57F","7C5FAF59-0AF9-4790-8B67-BF4BD319A4E1","TOP"
"L3","Chip Ferrite Bead for General Use, 120 Ohm, 500 mA, -55 to 125 degC, 0603 (1608 Metric), RoHS, Tape and Reel","CMP-006-00004-3","MURA-BLM18-F-H1-CHIP-2_V","Chip Ferrite Bead, 2-Leads, Body 1.6x0.8mm, Height 0.95mm, Flow","4.Power","JJALYYNQ","CE8BA68F-1B47-46B3-9704-9AC47832B728","AF1DA13D-A68B-4BF8-AE8F-D84C4C3CF1FA","TOP"
"L4","Chip Ferrite Bead for General Use, 120 Ohm, 500 mA, -55 to 125 degC, 0603 (1608 Metric), RoHS, Tape and Reel","CMP-006-00004-3","MURA-BLM18-F-H1-CHIP-2_V","Chip Ferrite Bead, 2-Leads, Body 1.6x0.8mm, Height 0.95mm, Flow","4.Power","ETNNWKIN","CE8BA68F-1B47-46B3-9704-9AC47832B728","AF1DA13D-A68B-4BF8-AE8F-D84C4C3CF1FA","TOP"
"L5","Chip Ferrite Bead for General Use, 120 Ohm, 500 mA, -55 to 125 degC, 0603 (1608 Metric), RoHS, Tape and Reel","CMP-006-00004-3","MURA-BLM18-F-H1-CHIP-2_V","Chip Ferrite Bead, 2-Leads, Body 1.6x0.8mm, Height 0.95mm, Flow","4.Power","GTXSRYDX","CE8BA68F-1B47-46B3-9704-9AC47832B728","AF1DA13D-A68B-4BF8-AE8F-D84C4C3CF1FA","TOP"
"LED1","WL-SMCW SMT Mono-Color Chip LED Waterclear 0805","CMP-007-00038-1","LEDC2012X70N","","4.Power","DTMCHRGZ","FD38984B-F99E-498D-AD84-2CF09CD05F25","310DA95E-72FE-49DF-BE42-CC76D095AEE9","TOP"
"R3","RES, 39, 5%, 0.063 W, AEC-Q200 Grade 0, 0402","CMP-0026916-3","0402","","1.GPIO","OEDIFXNB","","","BOTTOM"
"R4","RES, 39, 5%, 0.063 W, AEC-Q200 Grade 0, 0402","CMP-0026916-3","0402","","1.GPIO","OVUXYDNV","","","TOP"
"R5","RES, 39, 5%, 0.063 W, AEC-Q200 Grade 0, 0402","CMP-0026916-3","0402","","1.GPIO","MDTGBXPD","","","BOTTOM"
"R6","RES, 39, 5%, 0.063 W, AEC-Q200 Grade 0, 0402","CMP-0026916-3","0402","","1.GPIO","PXBLTOVV","","","TOP"
"R7","RES, 39, 5%, 0.063 W, AEC-Q200 Grade 0, 0402","CMP-0026916-3","0402","","1.GPIO","ZLATQZHS","","","BOTTOM"
"R8","RES, 39, 5%, 0.063 W, AEC-Q200 Grade 0, 0402","CMP-0026916-3","0402","","1.GPIO","WPWNIMPQ","","","BOTTOM"
"R9","RES, 0, 5%, 0.1 W, AEC-Q200 Grade 0, 0603","CMP-0025697-4","0603","","3.ADC","UUAARPHY","","","TOP"
"R10","RES, 0, 5%, 0.1 W, AEC-Q200 Grade 0, 0603","CMP-0025697-4","0603","","3.ADC","NYDJCUZH","","","TOP"
"R11","RES, 0, 5%, 0.1 W, AEC-Q200 Grade 0, 0603","CMP-0025697-4","0603","","3.ADC","ETPIBJWF","","","TOP"
"R12","RES, 0, 5%, 0.1 W, AEC-Q200 Grade 0, 0603","CMP-0025697-4","0603","","3.ADC","HPGSIDSW","","","BOTTOM"
"R13","RES, 0, 5%, 0.1 W, AEC-Q200 Grade 0, 0603","CMP-0025697-4","0603","","3.ADC","EFYFEQTE","","","BOTTOM"
"R14","RES, 0, 5%, 0.1 W, AEC-Q200 Grade 0, 0603","CMP-0025697-4","0603","","3.ADC","SAWVZBRP","","","BOTTOM"
"R15","RES, 0, 5%, 0.1 W, AEC-Q200 Grade 0, 0603","CMP-0025697-4","0603","","3.ADC","HOBFCSNO","","","BOTTOM"
"R16","RES, 0, 5%, 0.1 W, AEC-Q200 Grade 0, 0603","CMP-0025697-4","0603","","3.ADC","ORFWQJNZ","","","TOP"
"R17","RES, 0, 5%, 0.1 W, AEC-Q200 Grade 0, 0603","CMP-0025697-4","0603","","3.ADC","OUOZXHVL","","","TOP"
"R18","RES, 0, 5%, 0.1 W, AEC-Q200 Grade 0, 0603","CMP-0025697-4","0603","","3.ADC","BGPZMBBG","","","TOP"
"R19","RES, 0, 5%, 0.1 W, AEC-Q200 Grade 0, 0603","CMP-0025697-4","0603","","3.ADC","PRKYIVBP","","","TOP"
"R20","RES, 0, 5%, 0.1 W, AEC-Q200 Grade 0, 0603","CMP-0025697-4","0603","","3.ADC","HZLMADUK","","","TOP"
"R21","RES, 0, 5%, 0.1 W, AEC-Q200 Grade 0, 0603","CMP-0025697-4","0603","","3.ADC","FHKDGSRE","","","BOTTOM"
"R22","RES, 0, 5%, 0.1 W, AEC-Q200 Grade 0, 0603","CMP-0025697-4","0603","","3.ADC","RNPTTBLA","","","BOTTOM"
"R23","RES, 0, 5%, 0.1 W, AEC-Q200 Grade 0, 0603","CMP-0025697-4","0603","","3.ADC","KTWIQNKS","","","TOP"
"R24","RES, 0, 5%, 0.1 W, AEC-Q200 Grade 0, 0603","CMP-0025697-4","0603","","3.ADC","GHRBKJWL","","","TOP"
"R25","RES, 0, 5%, 0.1 W, AEC-Q200 Grade 0, 0603","CMP-0025697-4","0603","","3.ADC","MXSRGQZD","","","TOP"
"R26","RES, 0, 5%, 0.1 W, AEC-Q200 Grade 0, 0603","CMP-0025697-4","0603","","3.ADC","EQKLHKTX","","","TOP"
"R27","RES, 0, 5%, 0.1 W, AEC-Q200 Grade 0, 0603","CMP-0025697-4","0603","","3.ADC","YJFBASGA","","","TOP"
"R28","RES, 0, 5%, 0.1 W, AEC-Q200 Grade 0, 0603","CMP-0025697-4","0603","","3.ADC","KYTSHBSW","","","BOTTOM"
"R29","RES, 0, 5%, 0.1 W, AEC-Q200 Grade 0, 0603","CMP-0025697-4","0603","","3.ADC","OQYTDCYS","","","BOTTOM"
"R30","RES, 0, 5%, 0.1 W, AEC-Q200 Grade 0, 0603","CMP-0025697-4","0603","","3.ADC","EOTYCZWV","","","TOP"
"R31","RES, 0, 5%, 0.1 W, AEC-Q200 Grade 0, 0603","CMP-0025697-4","0603","","3.ADC","MLMONBDE","","","BOTTOM"
"R32","RES, 0, 5%, 0.1 W, AEC-Q200 Grade 0, 0603","CMP-0025697-4","0603","","3.ADC","OTENKNPI","","","BOTTOM"
"R33","RES, 0, 5%, 0.1 W, AEC-Q200 Grade 0, 0603","CMP-0025697-4","0603","","3.ADC","UQWAFAZV","","","BOTTOM"
"R34","RES, 0, 5%, 0.1 W, AEC-Q200 Grade 0, 0603","CMP-0025697-4","0603","","3.ADC","JPAAJRCG","","","BOTTOM"
"R35","RES, 0, 5%, 0.1 W, AEC-Q200 Grade 0, 0603","CMP-0025697-4","0603","","3.ADC","BCMTIZKT","","","TOP"
"R36","RES, 0, 5%, 0.1 W, AEC-Q200 Grade 0, 0603","CMP-0025697-4","0603","","3.ADC","DCRXSRQU","","","TOP"
"R37","RES, 0.1, 1%, 0.25 W, 0402","CMP-0078660-1","0402","","3.ADC","WGTACDKA","","","TOP"
"R38","RES, 0.1, 1%, 0.25 W, 0402","CMP-0078660-1","0402","","3.ADC","DNAWRKSR","","","TOP"
"R39","RES, 0.1, 1%, 0.25 W, 0402","CMP-0078660-1","0402","","3.ADC","VHXILCBH","","","TOP"
"R40","RES, 0.1, 1%, 0.25 W, 0402","CMP-0078660-1","0402","","3.ADC","BYAOWFPT","","","BOTTOM"
"R41","RES, 0, 5%, 0.1 W, AEC-Q200 Grade 0, 0603","CMP-0025697-4","0603","","3.ADC","CQMMYSZY","","","TOP"
"R42","RES, 0, 5%, 0.1 W, AEC-Q200 Grade 0, 0603","CMP-0025697-4","0603","","3.ADC","UHJHBETT","","","TOP"
"R43","RES, 1.00 k, 1%, 0.1 W, 0603","CMP-0022895-5","0603","","3.ADC","BCVENBPR","","","TOP"
"R44","Chip Resistor, 0 Ohm, 0.1 W, -55 to 155 degC, 0402 (1005 Metric)","CMP-009-00005-5","RESC1005X40X25ML05T05","Chip Resistor, 2-Leads, Body 1.05x0.55mm, IPC Low Density","4.Power","JWKUCTLC","FE329932-3914-4A43-A8E2-C91B74E949EF","A416820D-3AB8-478C-AB4F-EA2A48C75822","TOP"
"R45","22K 0.063W 1% 0402 (1005 Metric)  SMD","CMP-009-00081-2","RESC0402(1005)_L","Chip Resistor, Body 1.0x0.5mm, IPC High Density","4.Power","OBLCJXJO","316EDCAE-BCC3-473D-BC74-DB8CF9BC8C43","CE5B95AE-C33F-482A-91C8-7FF8BA0A7129","TOP"
"R46","Chip Resistor, 0 Ohm, 0.1 W, -55 to 155 degC, 0603 (1608 Metric)","CMP-009-00006-5","RESC1608X55X25ML10T15","Chip Resistor, 2-Leads, Body 1.70x0.90mm, IPC Low Density","4.Power","ONCAZSGT","95055128-38A3-4D2A-8451-2D649817FD8D","CAF286BD-2993-4BDD-922B-72ECF5C7AEEE","TOP"
"R47","RES, 680, 5%, 0.063 W, AEC-Q200 Grade 0, 0402","CMP-0026962-3","0402","","4.Power","LHUGFVSM","","","TOP"
"R48","RES, 340 k, 1%, 0.063 W, AEC-Q200 Grade 0, 0402","CMP-0026300-2","0402","","4.Power","GAIPRGLB","","","TOP"
"R49","RES, 2.00 k, 1%, 0.1 W, AEC-Q200 Grade 0, 0402","CMP-0026676-1","0402","","4.Power","LZXABCUB","","","TOP"
"R50","RES, 205 k, 1%, 0.063 W, AEC-Q200 Grade 0, 0402","CMP-0026160-2","0402","","4.Power","FJAFVXAW","","","TOP"
"R51","10K 0.063W 1% 0402 (1005 Metric)  SMD","CMP-009-00066-2","RESC0402(1005)_L","Chip Resistor, Body 1.0x0.5mm, IPC High Density","4.Power","YOMIXCXI","316EDCAE-BCC3-473D-BC74-DB8CF9BC8C43","CE5B95AE-C33F-482A-91C8-7FF8BA0A7129","TOP"
"R52","Chip Resistor, 100 KOhm, +/- 1%, 0.1 W, -55 to 155 degC, 0603 (1608 Metric)","CMP-009-00023-5","RESC1608X55X25ML10T15","Chip Resistor, 2-Leads, Body 1.70x0.90mm, IPC Low Density","4.Power","RQUUSIMC","95055128-38A3-4D2A-8451-2D649817FD8D","CAF286BD-2993-4BDD-922B-72ECF5C7AEEE","TOP"
"R53","Chip Resistor, 200 kOhms, +/-1 %, 63 mW, -55 to 155 degC, 0402","CMP-009-00163-3","RESC0402(1005)_L","Chip Resistor, Body 1.0x0.5mm, IPC High Density","4.Power","HJVFXIGL","1F5B1AB2-6A1C-40A3-ADF3-0DD4F6DF45C3","517981CC-857F-4542-9AB3-F9AC60FEA47D","TOP"
"R54","RES, 75.0 k, 0.5%, 0.1 W, 0603","CMP-0025557-3","0603","","4.Power","CSWRPRZU","","","TOP"
"R55","RES, 56, 5%, 0.063 W, AEC-Q200 Grade 0, 0402","CMP-0026950-3","0402","","4.Power","UZUNNEGB","","","BOTTOM"
"R59","RES, 39, 5%, 0.063 W, AEC-Q200 Grade 0, 0402","CMP-0026916-3","0402","","2.Support","GQOUZZDZ","","","TOP"
"R62","RES, 2.2 k, 5%, 0.063 W, AEC-Q200 Grade 0, 0402","CMP-0026890-5","0402","","2.Support","XCXVRYBX","","","BOTTOM"
"R63","RES, 2.2 k, 5%, 0.063 W, AEC-Q200 Grade 0, 0402","CMP-0026890-5","0402","","2.Support","RDKGPKPH","","","TOP"
"R64","RES, 10.0 k, 1%, 0.063 W, 0402","CMP-0078669-1","0402","","2.Support","ZSBCADQG","","","TOP"
"R66","RES, 680, 5%, 0.063 W, AEC-Q200 Grade 0, 0402","CMP-0026962-3","0402","","2.Support","REEOOVGQ","","","TOP"
"R67","RES, 680, 5%, 0.063 W, AEC-Q200 Grade 0, 0402","CMP-0026962-3","0402","","2.Support","WWVKADNY","","","TOP"
"R68","RES, 2.2 k, 5%, 0.063 W, AEC-Q200 Grade 0, 0402","CMP-0026890-5","0402","","2.Support","KBOWVRWT","","","TOP"
"R69","RES, 1.5 M, 5%, 0.063 W, AEC-Q200 Grade 0, 0402","CMP-0026863-2","0402","","2.Support","AVTHHWZP","","","TOP"
"R70","RES, 1.5 M, 5%, 0.063 W, AEC-Q200 Grade 0, 0402","CMP-0026863-2","0402","","2.Support","DJUKRPEG","","","TOP"
"R71","RES, 2.2 k, 5%, 0.063 W, AEC-Q200 Grade 0, 0402","CMP-0026890-5","0402","","2.Support","OUUBTXRY","","","TOP"
"R72","RES, 0, 5%, 0.1 W, AEC-Q200 Grade 0, 0603","CMP-0025697-4","0603","","2.Support","YMRBRVRS","","","TOP"
"R73","RES, 0, 5%, 0.1 W, AEC-Q200 Grade 0, 0603","CMP-0025697-4","0603","","2.Support","MJKXOFUA","","","BOTTOM"
"R74","RES, 56 k, 5%, 0.063 W, AEC-Q200 Grade 0, 0402","CMP-0026949-3","0402","","2.Support","BCSIOETK","","","TOP"
"R75","RES, 56 k, 5%, 0.063 W, AEC-Q200 Grade 0, 0402","CMP-0026949-3","0402","","2.Support","IBOKMOJE","","","TOP"
"R76","RES, 0, 5%, 0.1 W, AEC-Q200 Grade 0, 0603","CMP-0025697-4","0603","","2.Support","YSBTWSHY","","","BOTTOM"
"R77","RES, 10.0, 0.1%, 0.063 W, 0402","CMP-0026765-1","CPF0402","","2.Support","JRKMOSTG","","","BOTTOM"
"R78","RES, 10.0, 0.1%, 0.063 W, 0402","CMP-0026765-1","CPF0402","","2.Support","JVYFKPVL","","","BOTTOM"
"R79","RES, 2.2 k, 5%, 0.063 W, AEC-Q200 Grade 0, 0402","CMP-0026890-5","0402","","2.Support","VAFRFXCC","","","TOP"
"R80","RES, 2.2 k, 5%, 0.063 W, AEC-Q200 Grade 0, 0402","CMP-0026890-5","0402","","2.Support","HPOOUSYD","","","TOP"
"R81","RES, 10.0, 0.1%, 0.063 W, 0402","CMP-0026765-1","CPF0402","","2.Support","DQTPVJCL","","","BOTTOM"
"R82","RES, 0, 0%, 0.2 W, AEC-Q200 Grade 0, 0402","CMP-0081856-1","0402","","2.Support","JGCKPKVU","","","BOTTOM"
"R83","RES, 10.0, 0.1%, 0.063 W, 0402","CMP-0026765-1","CPF0402","","2.Support","BBOORHFD","","","BOTTOM"
"R84","RES, 0, 0%, 0.2 W, AEC-Q200 Grade 0, 0402","CMP-0081856-1","0402","","2.Support","JPGFPVAP","","","BOTTOM"
"R85","RES, 0, 5%, 0.1 W, AEC-Q200 Grade 0, 0603","CMP-0025697-4","0603","","2.Support","WHXTTDDC","","","BOTTOM"
"R86","RES, 0, 0%, 0.2 W, AEC-Q200 Grade 0, 0402","CMP-0081856-1","0402","","2.Support","ATOLFQAZ","","","BOTTOM"
"R158","Chip Resistor, 4,7 Ohms, +/-5 %, 125 mW, -55 to 155 degC, 0805","CMP-009-00174-4","RESC0805(2012)_L","Chip Resistor, Body 2.0x1.3mm, IPC High Density","1.GPIO","YDIGZHVX","1D1D6DEC-B4B3-4C08-92A1-95BD031BC35E","18B7447A-56DD-41DE-8C26-752869BA29F1","TOP"
"R159","Chip Resistor, 4,7 Ohms, +/-5 %, 125 mW, -55 to 155 degC, 0805","CMP-009-00174-4","RESC0805(2012)_L","Chip Resistor, Body 2.0x1.3mm, IPC High Density","1.GPIO","FLLPAAMX","1D1D6DEC-B4B3-4C08-92A1-95BD031BC35E","18B7447A-56DD-41DE-8C26-752869BA29F1","BOTTOM"
"R162","Chip Resistor, 4,7 Ohms, +/-5 %, 125 mW, -55 to 155 degC, 0805","CMP-009-00174-4","RESC0805(2012)_L","Chip Resistor, Body 2.0x1.3mm, IPC High Density","1.GPIO","HYUGJLBH","1D1D6DEC-B4B3-4C08-92A1-95BD031BC35E","18B7447A-56DD-41DE-8C26-752869BA29F1","BOTTOM"
"R163","Chip Resistor, 0 Ohm, 0.1 W, -55 to 155 degC, 0603 (1608 Metric)","CMP-009-00006-5","RESC1608X55X25ML10T15","Chip Resistor, 2-Leads, Body 1.70x0.90mm, IPC Low Density","1.GPIO","YDNVXLWO","95055128-38A3-4D2A-8451-2D649817FD8D","CAF286BD-2993-4BDD-922B-72ECF5C7AEEE","BOTTOM"
"R164","Chip Resistor, 0 Ohm, 0.1 W, -55 to 155 degC, 0603 (1608 Metric)","CMP-009-00006-5","RESC1608X55X25ML10T15","Chip Resistor, 2-Leads, Body 1.70x0.90mm, IPC Low Density","1.GPIO","HLRWRHPL","95055128-38A3-4D2A-8451-2D649817FD8D","CAF286BD-2993-4BDD-922B-72ECF5C7AEEE","BOTTOM"
"R165","Chip Resistor, 0 Ohm, 0.1 W, -55 to 155 degC, 0603 (1608 Metric)","CMP-009-00006-5","RESC1608X55X25ML10T15","Chip Resistor, 2-Leads, Body 1.70x0.90mm, IPC Low Density","1.GPIO","GZIBWQPZ","95055128-38A3-4D2A-8451-2D649817FD8D","CAF286BD-2993-4BDD-922B-72ECF5C7AEEE","BOTTOM"
"R166","Chip Resistor, 0 Ohm, 0.1 W, -55 to 155 degC, 0603 (1608 Metric)","CMP-009-00006-5","RESC1608X55X25ML10T15","Chip Resistor, 2-Leads, Body 1.70x0.90mm, IPC Low Density","1.GPIO","YJBVJVGL","95055128-38A3-4D2A-8451-2D649817FD8D","CAF286BD-2993-4BDD-922B-72ECF5C7AEEE","BOTTOM"
"R167","Chip Resistor, 0 Ohm, 0.1 W, -55 to 155 degC, 0603 (1608 Metric)","CMP-009-00006-5","RESC1608X55X25ML10T15","Chip Resistor, 2-Leads, Body 1.70x0.90mm, IPC Low Density","1.GPIO","PZAKFXLN","95055128-38A3-4D2A-8451-2D649817FD8D","CAF286BD-2993-4BDD-922B-72ECF5C7AEEE","BOTTOM"
"R168","Chip Resistor, 0 Ohm, 0.1 W, -55 to 155 degC, 0603 (1608 Metric)","CMP-009-00006-5","RESC1608X55X25ML10T15","Chip Resistor, 2-Leads, Body 1.70x0.90mm, IPC Low Density","1.GPIO","AYUKUXHS","95055128-38A3-4D2A-8451-2D649817FD8D","CAF286BD-2993-4BDD-922B-72ECF5C7AEEE","TOP"
"R169","Chip Resistor, 0 Ohm, 0.1 W, -55 to 155 degC, 0603 (1608 Metric)","CMP-009-00006-5","RESC1608X55X25ML10T15","Chip Resistor, 2-Leads, Body 1.70x0.90mm, IPC Low Density","1.GPIO","VCPJWRLC","95055128-38A3-4D2A-8451-2D649817FD8D","CAF286BD-2993-4BDD-922B-72ECF5C7AEEE","TOP"
"R170","Chip Resistor, 4,7 Ohms, +/-5 %, 125 mW, -55 to 155 degC, 0805","CMP-009-00174-4","RESC0805(2012)_L","Chip Resistor, Body 2.0x1.3mm, IPC High Density","8.Emulator_Interface","IRKASYVX","1D1D6DEC-B4B3-4C08-92A1-95BD031BC35E","18B7447A-56DD-41DE-8C26-752869BA29F1","BOTTOM"
"R171","Chip Resistor, 4,7 Ohms, +/-5 %, 125 mW, -55 to 155 degC, 0805","CMP-009-00174-4","RESC0805(2012)_L","Chip Resistor, Body 2.0x1.3mm, IPC High Density","8.Emulator_Interface","LHJCFSKO","1D1D6DEC-B4B3-4C08-92A1-95BD031BC35E","18B7447A-56DD-41DE-8C26-752869BA29F1","BOTTOM"
"R172","Chip Resistor, 4,7 Ohms, +/-5 %, 125 mW, -55 to 155 degC, 0805","CMP-009-00174-4","RESC0805(2012)_L","Chip Resistor, Body 2.0x1.3mm, IPC High Density","8.Emulator_Interface","AFVSWYJB","1D1D6DEC-B4B3-4C08-92A1-95BD031BC35E","18B7447A-56DD-41DE-8C26-752869BA29F1","BOTTOM"
"R173","Chip Resistor, 4,7 Ohms, +/-5 %, 125 mW, -55 to 155 degC, 0805","CMP-009-00174-4","RESC0805(2012)_L","Chip Resistor, Body 2.0x1.3mm, IPC High Density","8.Emulator_Interface","MHUGDJWD","1D1D6DEC-B4B3-4C08-92A1-95BD031BC35E","18B7447A-56DD-41DE-8C26-752869BA29F1","BOTTOM"
"R174","Chip Resistor, 4,7 Ohms, +/-5 %, 125 mW, -55 to 155 degC, 0805","CMP-009-00174-4","RESC0805(2012)_L","Chip Resistor, Body 2.0x1.3mm, IPC High Density","8.Emulator_Interface","FDAISQXL","1D1D6DEC-B4B3-4C08-92A1-95BD031BC35E","18B7447A-56DD-41DE-8C26-752869BA29F1","BOTTOM"
"R175","Chip Resistor, 4,7 Ohms, +/-5 %, 125 mW, -55 to 155 degC, 0805","CMP-009-00174-4","RESC0805(2012)_L","Chip Resistor, Body 2.0x1.3mm, IPC High Density","8.Emulator_Interface","QRNMNRFK","1D1D6DEC-B4B3-4C08-92A1-95BD031BC35E","18B7447A-56DD-41DE-8C26-752869BA29F1","BOTTOM"
"R176","RES, 4.7 k, 5%, 0.063 W, AEC-Q200 Grade 0, 0402","CMP-0026938-5","0402","","1.GPIO","XRGWYYNF","","","TOP"
"R177","RES, 4.7 k, 5%, 0.063 W, AEC-Q200 Grade 0, 0402","CMP-0026938-5","0402","","1.GPIO","NQPKDIYU","","","TOP"
"S1","Switch, Dual SPDT,  2 Pos, 0.1A, 6VDC, SMD","CMP-0002233-1","SW_CAS-D20TA","","3.ADC","ITILOASQ","","","TOP"
"S2","Switch, Dual SPDT,  2 Pos, 0.1A, 6VDC, SMD","CMP-0002233-1","SW_CAS-D20TA","","3.ADC","TRWOIJMV","","","TOP"
"S3","Switch, SPST-NO, Off-Mom, 12 V, SMD","CMP-0002193-2","SW_B3U-1100P","","2.Support","INCTRDFH","","","TOP"
"S4","Switch, SPST, 2 Pos, 25mA, 24VDC, SMD","CMP-0002230-1","SW_218-2LP","","2.Support","YMNSRJYZ","","","TOP"
"TP1","TEST POINT.  No entry in BOM.","CMP-0078143-3","TP_50MIL-25MILHOLE","","4.Power","DEJKIHZB","","","TOP"
"TP2","TEST POINT.  No entry in BOM.","CMP-0078143-3","TP_50MIL-25MILHOLE","","4.Power","JKXHKMID","","","TOP"
"TP3","TEST POINT.  No entry in BOM.","CMP-0078143-3","TP_50MIL-25MILHOLE","","4.Power","JOKFFLWL","","","TOP"
"TP4","TEST POINT.  No entry in BOM.","CMP-0078143-3","TP_50MIL-25MILHOLE","","4.Power","JAXTNXBZ","","","TOP"
"TP5","TEST POINT.  No entry in BOM.","CMP-0078143-3","TP_50MIL-25MILHOLE","","2.Support","UYLEYJBF","","","TOP"
"TP6","TEST POINT.  No entry in BOM.","CMP-0078143-3","TP_50MIL-25MILHOLE","","2.Support","CWCGOQUJ","","","TOP"
"TP7","TEST POINT.  No entry in BOM.","CMP-0078143-3","TP_50MIL-25MILHOLE","","2.Support","PZPJBWAU","","","TOP"
"TP8","TEST POINT.  No entry in BOM.","CMP-0078143-3","TP_50MIL-25MILHOLE","","2.Support","BYNEYTRE","","","TOP"
"TP9","TEST POINT.  No entry in BOM.","CMP-0078143-3","TP_50MIL-25MILHOLE","","2.Support","APDKCUHE","","","TOP"
"TP10","TEST POINT.  No entry in BOM.","CMP-0078143-3","TP_50MIL-25MILHOLE","","2.Support","HGTEFFZE","","","TOP"
"TP15","TEST POINT.  No entry in BOM.","CMP-0078143-3","TP_50MIL-25MILHOLE","","1.GPIO","ZRNTCJPG","","","TOP"
"TP16","TEST POINT.  No entry in BOM.","CMP-0078143-3","TP_50MIL-25MILHOLE","","1.GPIO","DLGKXXWR","","","TOP"
"TP17","TEST POINT.  No entry in BOM.","CMP-0078143-3","TP_50MIL-25MILHOLE","","1.GPIO","HFXEQQMA","","","TOP"
"TP18","TEST POINT.  No entry in BOM.","CMP-0078143-3","TP_50MIL-25MILHOLE","","1.GPIO","YAQNYFMB","","","TOP"
"TP19","TEST POINT.  No entry in BOM.","CMP-0078143-3","TP_50MIL-25MILHOLE","","1.GPIO","MKPPJEFQ","","","TOP"
"TP20","TEST POINT.  No entry in BOM.","CMP-0078143-3","TP_50MIL-25MILHOLE","","1.GPIO","THVRNOMH","","","TOP"
"TP21","TEST POINT.  No entry in BOM.","CMP-0078143-3","TP_50MIL-25MILHOLE","","1.GPIO","NMAIMNIW","","","TOP"
"TP22","TEST POINT.  No entry in BOM.","CMP-0078143-3","TP_50MIL-25MILHOLE","","1.GPIO","GNBQRLGI","","","TOP"
"TP23","TEST POINT.  No entry in BOM.","CMP-0078143-3","TP_50MIL-25MILHOLE","","1.GPIO","KEPKAFQU","","","TOP"
"TP24","TEST POINT.  No entry in BOM.","CMP-0078143-3","TP_50MIL-25MILHOLE","","1.GPIO","MKUHNDYQ","","","TOP"
"TP25","TEST POINT.  No entry in BOM.","CMP-0078143-3","TP_50MIL-25MILHOLE","","1.GPIO","NHDTWZJB","","","TOP"
"TP26","TEST POINT.  No entry in BOM.","CMP-0078143-3","TP_50MIL-25MILHOLE","","1.GPIO","JGQGZWQB","","","TOP"
"TP27","TEST POINT.  No entry in BOM.","CMP-0078143-3","TP_50MIL-25MILHOLE","","1.GPIO","VXAZKJGU","","","TOP"
"TP28","TEST POINT.  No entry in BOM.","CMP-0078143-3","TP_50MIL-25MILHOLE","","1.GPIO","OXCHKJRS","","","TOP"
"TP29","TEST POINT.  No entry in BOM.","CMP-0078143-3","TP_50MIL-25MILHOLE","","1.GPIO","OFUPKJRO","","","TOP"
"TP30","TEST POINT.  No entry in BOM.","CMP-0078143-3","TP_50MIL-25MILHOLE","","1.GPIO","JBURFONJ","","","TOP"
"TP31","TEST POINT.  No entry in BOM.","CMP-0078143-3","TP_50MIL-25MILHOLE","","1.GPIO","HBBTEIOM","","","TOP"
"TP32","TEST POINT.  No entry in BOM.","CMP-0078143-3","TP_50MIL-25MILHOLE","","1.GPIO","MUXDAMHG","","","TOP"
"TP33","TEST POINT.  No entry in BOM.","CMP-0078143-3","TP_50MIL-25MILHOLE","","1.GPIO","NKFDYENO","","","TOP"
"TP34","TEST POINT.  No entry in BOM.","CMP-0078143-3","TP_50MIL-25MILHOLE","","1.GPIO","LDFNMITR","","","TOP"
"TP35","TEST POINT.  No entry in BOM.","CMP-0078143-3","TP_50MIL-25MILHOLE","","1.GPIO","BDIBUFIT","","","TOP"
"TP36","TEST POINT.  No entry in BOM.","CMP-0078143-3","TP_50MIL-25MILHOLE","","1.GPIO","QTYSHXJP","","","TOP"
"TP37","TEST POINT.  No entry in BOM.","CMP-0078143-3","TP_50MIL-25MILHOLE","","1.GPIO","RWSBTLJR","","","TOP"
"TP38","TEST POINT.  No entry in BOM.","CMP-0078143-3","TP_50MIL-25MILHOLE","","1.GPIO","TWXARMNA","","","TOP"
"TP39","TEST POINT.  No entry in BOM.","CMP-0078143-3","TP_50MIL-25MILHOLE","","9.Pwm_Buffer","ETEGQGBA","","","TOP"
"TP40","TEST POINT.  No entry in BOM.","CMP-0078143-3","TP_50MIL-25MILHOLE","","9.Pwm_Buffer","FROEUKKG","","","TOP"
"TP41","TEST POINT.  No entry in BOM.","CMP-0078143-3","TP_50MIL-25MILHOLE","","9.Pwm_Buffer","HMQKBRAE","","","TOP"
"TP42","TEST POINT.  No entry in BOM.","CMP-0078143-3","TP_50MIL-25MILHOLE","","9.Pwm_Buffer","YSHJUCGB","","","TOP"
"TP43","TEST POINT.  No entry in BOM.","CMP-0078143-3","TP_50MIL-25MILHOLE","","9.Pwm_Buffer","EWPJZOUF","","","TOP"
"U1","TMS320F28388DZWTS, ZWT0337A (NFBGA-337)","CMP-012-000147-1","ZWT0337A-IPC_B","for F28388DZWTS","3.ADC","LDEVTMZI","DF54DF59-B641-498F-BB01-2484DF0E0B85","F723C569-669A-411F-82AF-03D30780E2C8","TOP"
"U2","Dual Buffer/Driver with Open-Drain Output, DBV0006A, LARGE T&R","CMP-0051789-2","DBV0006A_N","","2.Support","HJOWHRRW","","","TOP"
"U3","High-Speed, Single-Supply, Rail-to-Rail Operational Amplifier MicroAmplifier(TM) Series, 2.7 to 5.5 V, -55 to 150 degC, 16-pin SOP (DBQ16), Green (RoHS & no Sb/Br)","CMP-014-00004-2","DBQ0016A_N","","3.ADC","OHNMUBQV","","","TOP"
"U4","Low Noise, Very Low Drift, Precision Series Voltage Reference, DGK0008A (VSSOP-8)","CMP-0032596-2","DGK0008A_N","","3.ADC","USMULGXK","","","TOP"
"U5","Low Jitter, 1:4 LVCMOS Fan-out Clock Buffer, PW0008A (TSSOP-8)","CMP-052-000006-1","PW0008A_N","","2.Support","TWJXROHF","FC129819-F756-4F2A-9164-3D470AA61679","62F079A3-04DD-46D0-9AFE-49794CEF462D","BOTTOM"
"U6","High-Accuracy, Fixed-Threshold OV/UV Monitor, DDC0006A (SOT-23-T-6)","CMP-052-000005-1","DDC0006A_N","","2.Support","JEFSDNMY","E583D6B3-15A4-4D0E-9F9F-01DEABF63F6F","DA58D82B-5B44-4BEF-9414-B77C3E88679A","TOP"
"U7","High-Accuracy, Fixed-Threshold OV/UV Monitor, DDC0006A (SOT-23-T-6)","CMP-052-000005-1","DDC0006A_N","","2.Support","AAJYVUIM","E583D6B3-15A4-4D0E-9F9F-01DEABF63F6F","DA58D82B-5B44-4BEF-9414-B77C3E88679A","TOP"
"U8","Dual, Adjustable, 600mA and 1000mA, 2.25MHz Step-Down Converter with 1-Wire Interface in QFN 10-VSON -40 to 85","CMP-014-000012-1","DRC0010J","for TPS62420DRCR","4.Power","GMUEPUWU","6DEB09E7-F20E-4A90-B764-515545040CDC","F467FBAA-B0EE-4F51-97AC-B2A9ABA1833C","TOP"
"U24","16-Bit Dual-Supply Bus Transceiver","CMP-031-00095-1","SOP50P810X120-48N","","9.Pwm_Buffer","FZOTAKLV","3C2B1A9C-8618-4807-B9D7-C00B05F7AC30","CDF5D8AE-E938-49B6-A00E-17151FA17120","TOP"
"U25","16-Bit Dual-Supply Bus Transceiver","CMP-031-00095-1","SOP50P810X120-48N","","9.Pwm_Buffer","VBAMHLKP","3C2B1A9C-8618-4807-B9D7-C00B05F7AC30","CDF5D8AE-E938-49B6-A00E-17151FA17120","TOP"
"U26","16-Bit Dual-Supply Bus Transceiver","CMP-031-00095-1","SOP50P810X120-48N","","9.Pwm_Buffer","KYAFWLAK","3C2B1A9C-8618-4807-B9D7-C00B05F7AC30","CDF5D8AE-E938-49B6-A00E-17151FA17120","TOP"
"U27","16-Bit Dual-Supply Bus Transceiver","CMP-031-00095-1","SOP50P810X120-48N","","9.Pwm_Buffer","UZCMSTKH","3C2B1A9C-8618-4807-B9D7-C00B05F7AC30","CDF5D8AE-E938-49B6-A00E-17151FA17120","TOP"
"U28","16-Bit Dual-Supply Bus Transceiver","CMP-031-00095-1","SOP50P810X120-48N","","9.Pwm_Buffer","XMJTEBZO","3C2B1A9C-8618-4807-B9D7-C00B05F7AC30","CDF5D8AE-E938-49B6-A00E-17151FA17120","TOP"
"Y1","Oscillator, 25 MHz, 15 pF, SMD","CMP-052-000000-1","ECS_ECS-2520S","","2.Support","ZFYBBWTG","B9F527EE-C7B7-4EB9-9926-576E100A5FB9","DBDE1BDD-B94E-4AAF-B62D-2E416037FEC0","BOTTOM"
