"Qty","Designators","LibReference","Description","Footprint","FootprintDescription","Sheets","ItemGUID","ItemRevisionGUID"
"1","S3","CMP-0002193-2","Switch, SPST-NO, Off-Mom, 12 V, SMD","SW_B3U-1100P","","2.Support","",""
"1","S4","CMP-0002230-1","Switch, SPST, 2 Pos, 25mA, 24VDC, SMD","SW_218-2LP","","2.Support","",""
"2","S1, S2","CMP-0002233-1","Switch, Dual SPDT,  2 Pos, 0.1A, 6VDC, SMD","SW_CAS-D20TA","","3.ADC","",""
"2","D3, D4","CMP-0002951-3","LED, Red, SMD","WL-SMCW_RED_0805","","2.Support","",""
"1","C36","CMP-0006213-2","CAP, CERM, 33 pF, 25 V, +/- 5%, C0G/NP0, 0402","0402","","4.Power","",""
"2","C74, C76","CMP-0006236-2","CAP, CERM, 0.01 uF, 50 V, +/- 5%, X7R, 0402","0402","","2.Support","",""
"4","C73, C75, C77, C78","CMP-0006343-2","CAP, CERM, 0.1 uF, 10 V, +/- 10%, X7R, 0402","0402","","2.Support","",""
"2","C25, C30","CMP-0006862-5","CAP, CERM, 0.1 uF, 10 V, +/- 10%, X7R, 0603","0603","","3.ADC","",""
"3","C32, C33, C34","CMP-0006871-4","CAP, CERM, 1 uF, 6.3 V, +80/-20%, Y5V, 0603","0603","","3.ADC","",""
"4","C42, C43, C53, C54","CMP-0006906-5","CAP, CERM, 2.2 uF, 10 V, +/- 10%, X5R, 0603","0603","","4.Power","",""
"1","C31","CMP-0006907-5","CAP, CERM, 2.2 uF, 6.3 V, +/- 10%, X5R, 0603","0603","","3.ADC","",""
"24","C1, C2, C3, C4, C5, C6, C7, C8, C9, C10, C11, C12, C13, C14, C15, C16, C17, C18, C19, C20, C21, C22, C23, C24","CMP-0006920-4","CAP, CERM, 330 pF, 50 V, +/- 5%, C0G/NP0, 0603","0603","","3.ADC","",""
"6","C26, C27, C28, C29, C35, C37","CMP-0007324-5","CAP, CERM, 22 uF, 10 V, +/- 20%, X5R, 0603","0603","","3.ADC, 4.Power","",""
"28","C38, C40, C41, C44, C45, C46, C47, C48, C49, C50, C51, C52, C55, C56, C57, C58, C59, C60, C61, C62, C63, C64, C65, C66, C67, C68, C69, C70","CMP-001-00001-6","Chip Capacitor, 0.1 uF, +/- 5%, 16 V, 0402 (1005 Metric)","CAPC1005X56X25LL10T15","Chip Capacitor, 2-Leads, Body 1.10x0.60mm, IPC High Density","4.Power","A0172775-ABE7-4C5C-9042-8FF38A8061E5","1F7CB819-4B2F-4DD9-A856-12543AC7F829"
"3","C163, C164, C165","CMP-001-00007-7","Chip Capacitor, 1 uF, +/- 10%, 50 V, 0805 (2012 Metric)","CAPC2013X135X45NL10T25","Chip Capacitor, 2-Leads, Body 2.10x1.35mm, IPC Medium Density","1.GPIO, 8.Emulator_Interface","304EA0B8-F839-41C9-9F75-833C2EECB6CE","837A2A14-CA9E-45BA-81C8-8414F7DB19E8"
"20","C166, C167, C168, C169, C170, C171, C172, C173, C174, C175, C176, C177, C178, C179, C180, C181, C182, C183, C184, C185","CMP-001-00017-6","Chip Capacitor, 100 nF, +/- 10%, 50 V, 0603 (1608 Metric)","CAPC1608X90X40NL10T20","Chip Capacitor, 2-Leads, Body 1.70x0.90mm, IPC Medium Density","9.Pwm_Buffer","85718E7E-A7BA-41FF-9B71-CC81DC10C908","EAD50EBC-46BB-4EC3-BEC1-8528D867B411"
"2","C71, C72","CMP-001-00075-4","Chip Capacitor, 10??F +/-20%, 10V, 0603, Thickness 1 mm","CAPC0603(1608)100_L","Chip Capacitor, Body 1.6x0.8mm, Height 1.0mm, IPC High Density","4.Power","2591F4BA-9F55-4446-B3EC-36DB1479698A","4D6BBE15-C8E2-492D-81F4-C782B7C248A3"
"1","C39","CMP-001-00081-4","Chip Capacitor, 22??F +/-40%, 16V, 0805, Thickness 1.45 mm","CAPC0805(2012)145_L","Chip Capacitor, Body 2.0x1.2mm, Height 1.45mm, IPC High Density","4.Power","9C1E7CA9-BBF6-4874-89A4-825447AD49CC","1B732AC5-BE16-4EF9-ACAE-BD6F38A05304"
"2","J9, J10","CMP-002-00158-1","10 Positions Header Connector 0.100"" (2.54mm) Through Hole Gold","SHDR10W66P254_2X5_2030X905X905P","","1.GPIO","C4D4DE5E-AA00-4955-8926-9CCD20DD1C39","DCE47D8A-4B46-411E-891A-6310FDA8F777"
"3","J1, J2, J12","CMP-002-00178-1","Socket(male) 100 Positions, Dual Row, Vertical Receptacle. BergStak Lite 0.80mm, Board-to-Board Connector,","AMPHENOL_10144517-101802LF","Plug(male)","1.GPIO, 5.ETH","65936400-27DD-4ACE-87A4-D361D53E576D","6083AF1F-298F-40DD-B4BE-B4C35DE0D6AC"
"1","J11","CMP-002-00182-1","Connector Header Through Hole 14 position 0.100 (2.54mm)","SULLINS_SBH11-PBPC-D07-ST-BK","","8.Emulator_Interface","39804E80-DC27-4E86-93E2-F851ED3B8D7B","BFDC700B-199C-4F6E-96A6-D92A4B37C3DE"
"1","R43","CMP-0022895-5","RES, 1.00 k, 1%, 0.1 W, 0603","0603","","3.ADC","",""
"1","R54","CMP-0025557-3","RES, 75.0 k, 0.5%, 0.1 W, 0603","0603","","4.Power","",""
"34","R9, R10, R11, R12, R13, R14, R15, R16, R17, R18, R19, R20, R21, R22, R23, R24, R25, R26, R27, R28, R29, R30, R31, R32, R33, R34, R35, R36, R41, R42, R72, R73, R76, R85","CMP-0025697-4","RES, 0, 5%, 0.1 W, AEC-Q200 Grade 0, 0603","0603","","3.ADC, 2.Support","",""
"1","R50","CMP-0026160-2","RES, 205 k, 1%, 0.063 W, AEC-Q200 Grade 0, 0402","0402","","4.Power","",""
"1","R48","CMP-0026300-2","RES, 340 k, 1%, 0.063 W, AEC-Q200 Grade 0, 0402","0402","","4.Power","",""
"1","R49","CMP-0026676-1","RES, 2.00 k, 1%, 0.1 W, AEC-Q200 Grade 0, 0402","0402","","4.Power","",""
"4","R77, R78, R81, R83","CMP-0026765-1","RES, 10.0, 0.1%, 0.063 W, 0402","CPF0402","","2.Support","",""
"2","R69, R70","CMP-0026863-2","RES, 1.5 M, 5%, 0.063 W, AEC-Q200 Grade 0, 0402","0402","","2.Support","",""
"6","R62, R63, R68, R71, R79, R80","CMP-0026890-5","RES, 2.2 k, 5%, 0.063 W, AEC-Q200 Grade 0, 0402","0402","","2.Support","",""
"7","R3, R4, R5, R6, R7, R8, R59","CMP-0026916-3","RES, 39, 5%, 0.063 W, AEC-Q200 Grade 0, 0402","0402","","1.GPIO, 2.Support","",""
"2","R176, R177","CMP-0026938-5","RES, 4.7 k, 5%, 0.063 W, AEC-Q200 Grade 0, 0402","0402","","1.GPIO","",""
"2","R74, R75","CMP-0026949-3","RES, 56 k, 5%, 0.063 W, AEC-Q200 Grade 0, 0402","0402","","2.Support","",""
"1","R55","CMP-0026950-3","RES, 56, 5%, 0.063 W, AEC-Q200 Grade 0, 0402","0402","","4.Power","",""
"3","R47, R66, R67","CMP-0026962-3","RES, 680, 5%, 0.063 W, AEC-Q200 Grade 0, 0402","0402","","4.Power, 2.Support","",""
"1","U4","CMP-0032596-2","Low Noise, Very Low Drift, Precision Series Voltage Reference, DGK0008A (VSSOP-8)","DGK0008A_N","","3.ADC","",""
"1","D2","CMP-004-00069-1","SURFACE MOUNT SILICON LOW VF SCHOTTKY DIODE 0.5 AMP","CFSH0520LTRPBFREE","","4.Power","A5AA3902-E615-403F-9DD8-DC4DBB10B7F2","63BE64CE-8635-4682-A32B-BE56D9AB992B"
"1","D1","CMP-004-00076-1","Diode, Schottky, 10 V, 1 A, AEC-Q101, POWERMITE","POWERMITE","","4.Power","88A70EC7-D21E-4C25-9BD7-71500C194B23","632AC858-FF25-4221-8185-4EE2B036B101"
"1","U2","CMP-0051789-2","Dual Buffer/Driver with Open-Drain Output, DBV0006A, LARGE T&R","DBV0006A_N","","2.Support","",""
"3","L3, L4, L5","CMP-006-00004-3","Chip Ferrite Bead for General Use, 120 Ohm, 500 mA, -55 to 125 degC, 0603 (1608 Metric), RoHS, Tape and Reel","MURA-BLM18-F-H1-CHIP-2_V","Chip Ferrite Bead, 2-Leads, Body 1.6x0.8mm, Height 0.95mm, Flow","4.Power","CE8BA68F-1B47-46B3-9704-9AC47832B728","AF1DA13D-A68B-4BF8-AE8F-D84C4C3CF1FA"
"2","L1, L2","CMP-006-00009-6","Chip Inductor, 2.2 uH, +/- 20%, -55 to 125 degC, 1008 (2520 Metric), RoHS, Tape and Reel","INDC2520X100X60NL20T20","Chip Inductor, 2-Leads, Body 2.7x2.2mm, IPC Medium Density","4.Power","50159F89-051D-4E48-95FD-CEE944D8D57F","7C5FAF59-0AF9-4790-8B67-BF4BD319A4E1"
"1","LED1","CMP-007-00038-1","WL-SMCW SMT Mono-Color Chip LED Waterclear 0805","LEDC2012X70N","","4.Power","FD38984B-F99E-498D-AD84-2CF09CD05F25","310DA95E-72FE-49DF-BE42-CC76D095AEE9"
"4","R37, R38, R39, R40","CMP-0078660-1","RES, 0.1, 1%, 0.25 W, 0402","0402","","3.ADC","",""
"1","R64","CMP-0078669-1","RES, 10.0 k, 1%, 0.063 W, 0402","0402","","2.Support","",""
"3","R82, R84, R86","CMP-0081856-1","RES, 0, 0%, 0.2 W, AEC-Q200 Grade 0, 0402","0402","","2.Support","",""
"1","R44","CMP-009-00005-5","Chip Resistor, 0 Ohm, 0.1 W, -55 to 155 degC, 0402 (1005 Metric)","RESC1005X40X25ML05T05","Chip Resistor, 2-Leads, Body 1.05x0.55mm, IPC Low Density","4.Power","FE329932-3914-4A43-A8E2-C91B74E949EF","A416820D-3AB8-478C-AB4F-EA2A48C75822"
"8","R46, R163, R164, R165, R166, R167, R168, R169","CMP-009-00006-5","Chip Resistor, 0 Ohm, 0.1 W, -55 to 155 degC, 0603 (1608 Metric)","RESC1608X55X25ML10T15","Chip Resistor, 2-Leads, Body 1.70x0.90mm, IPC Low Density","4.Power, 1.GPIO","95055128-38A3-4D2A-8451-2D649817FD8D","CAF286BD-2993-4BDD-922B-72ECF5C7AEEE"
"1","R52","CMP-009-00023-5","Chip Resistor, 100 KOhm, +/- 1%, 0.1 W, -55 to 155 degC, 0603 (1608 Metric)","RESC1608X55X25ML10T15","Chip Resistor, 2-Leads, Body 1.70x0.90mm, IPC Low Density","4.Power","95055128-38A3-4D2A-8451-2D649817FD8D","CAF286BD-2993-4BDD-922B-72ECF5C7AEEE"
"1","R51","CMP-009-00066-2","10K 0.063W 1% 0402 (1005 Metric)  SMD","RESC0402(1005)_L","Chip Resistor, Body 1.0x0.5mm, IPC High Density","4.Power","316EDCAE-BCC3-473D-BC74-DB8CF9BC8C43","CE5B95AE-C33F-482A-91C8-7FF8BA0A7129"
"1","R45","CMP-009-00081-2","22K 0.063W 1% 0402 (1005 Metric)  SMD","RESC0402(1005)_L","Chip Resistor, Body 1.0x0.5mm, IPC High Density","4.Power","316EDCAE-BCC3-473D-BC74-DB8CF9BC8C43","CE5B95AE-C33F-482A-91C8-7FF8BA0A7129"
"1","R53","CMP-009-00163-3","Chip Resistor, 200 kOhms, +/-1 %, 63 mW, -55 to 155 degC, 0402","RESC0402(1005)_L","Chip Resistor, Body 1.0x0.5mm, IPC High Density","4.Power","1F5B1AB2-6A1C-40A3-ADF3-0DD4F6DF45C3","517981CC-857F-4542-9AB3-F9AC60FEA47D"
"9","R158, R159, R162, R170, R171, R172, R173, R174, R175","CMP-009-00174-4","Chip Resistor, 4,7 Ohms, +/-5 %, 125 mW, -55 to 155 degC, 0805","RESC0805(2012)_L","Chip Resistor, Body 2.0x1.3mm, IPC High Density","1.GPIO, 8.Emulator_Interface","1D1D6DEC-B4B3-4C08-92A1-95BD031BC35E","18B7447A-56DD-41DE-8C26-752869BA29F1"
"1","U1","CMP-012-000147-1","TMS320F28388DZWTS, ZWT0337A (NFBGA-337)","ZWT0337A-IPC_B","for F28388DZWTS","3.ADC","DF54DF59-B641-498F-BB01-2484DF0E0B85","F723C569-669A-411F-82AF-03D30780E2C8"
"1","U8","CMP-014-000012-1","Dual, Adjustable, 600mA and 1000mA, 2.25MHz Step-Down Converter with 1-Wire Interface in QFN 10-VSON -40 to 85","DRC0010J","for TPS62420DRCR","4.Power","6DEB09E7-F20E-4A90-B764-515545040CDC","F467FBAA-B0EE-4F51-97AC-B2A9ABA1833C"
"1","U3","CMP-014-00004-2","High-Speed, Single-Supply, Rail-to-Rail Operational Amplifier MicroAmplifier(TM) Series, 2.7 to 5.5 V, -55 to 150 degC, 16-pin SOP (DBQ16), Green (RoHS & no Sb/Br)","DBQ0016A_N","","3.ADC","",""
"5","U24, U25, U26, U27, U28","CMP-031-00095-1","16-Bit Dual-Supply Bus Transceiver","SOP50P810X120-48N","","9.Pwm_Buffer","3C2B1A9C-8618-4807-B9D7-C00B05F7AC30","CDF5D8AE-E938-49B6-A00E-17151FA17120"
"1","Y1","CMP-052-000000-1","Oscillator, 25 MHz, 15 pF, SMD","ECS_ECS-2520S","","2.Support","B9F527EE-C7B7-4EB9-9926-576E100A5FB9","DBDE1BDD-B94E-4AAF-B62D-2E416037FEC0"
"2","U6, U7","CMP-052-000005-1","High-Accuracy, Fixed-Threshold OV/UV Monitor, DDC0006A (SOT-23-T-6)","DDC0006A_N","","2.Support","E583D6B3-15A4-4D0E-9F9F-01DEABF63F6F","DA58D82B-5B44-4BEF-9414-B77C3E88679A"
"1","U5","CMP-052-000006-1","Low Jitter, 1:4 LVCMOS Fan-out Clock Buffer, PW0008A (TSSOP-8)","PW0008A_N","","2.Support","FC129819-F756-4F2A-9164-3D470AA61679","62F079A3-04DD-46D0-9AFE-49794CEF462D"
